"","Year","Country","Happiness.Rank","Happiness.Score","Economy..GDP.per.Capita.","Health..Life.Expectancy.","Family","Freedom","Trust..Government.Corruption.","Generosity","Dystopia.Residual"
"1","2015","Switzerland","1",7.587,1.39651,0.94143,1.34951,0.66557,0.41978,0.29678,2.51738
"2","2015","Iceland","2",7.561,1.30232,0.94784,1.40223,0.62877,0.14145,0.4363,2.70201
"3","2015","Denmark","3",7.527,1.32548,0.87464,1.36058,0.64938,0.48357,0.34139,2.49204
"4","2015","Norway","4",7.522,1.459,0.88521,1.33095,0.66973,0.36503,0.34699,2.46531
"5","2015","Canada","5",7.427,1.32629,0.90563,1.32261,0.63297,0.32957,0.45811,2.45176
"6","2015","Finland","6",7.406,1.29025,0.88911,1.31826,0.64169,0.41372,0.23351,2.61955
"7","2015","Netherlands","7",7.378,1.32944,0.89284,1.28017,0.61576,0.31814,0.4761,2.4657
"8","2015","Sweden","8",7.364,1.33171,0.91087,1.28907,0.6598,0.43844,0.36262,2.37119
"9","2015","New Zealand","9",7.286,1.25018,0.90837,1.31967,0.63938,0.42922,0.47501,2.26425
"10","2015","Australia","10",7.284,1.33358,0.93156,1.30923,0.65124,0.35637,0.43562,2.26646
"11","2015","Israel","11",7.278,1.22857,0.91387,1.22393,0.41319,0.07785,0.33172,3.08854
"12","2015","Costa Rica","12",7.226,0.95578,0.86027,1.23788,0.63376,0.10583,0.25497,3.17728
"13","2015","Austria","13",7.2,1.33723,0.89042,1.29704,0.62433,0.18676,0.33088,2.5332
"14","2015","Mexico","14",7.187,1.02054,0.81444,0.91451,0.48181,0.21312,0.14074,3.60214
"15","2015","United States","15",7.119,1.39451,0.86179,1.24711,0.54604,0.1589,0.40105,2.51011
"16","2015","Brazil","16",6.983,0.98124,0.69702,1.23287,0.49049,0.17521,0.14574,3.26001
"17","2015","Luxembourg","17",6.946,1.56391,0.91894,1.21963,0.61583,0.37798,0.28034,1.96961
"18","2015","Ireland","18",6.94,1.33596,0.89533,1.36948,0.61777,0.28703,0.45901,1.9757
"19","2015","Belgium","19",6.937,1.30782,0.89667,1.28566,0.5845,0.2254,0.2225,2.41484
"20","2015","United Arab Emirates","20",6.901,1.42727,0.80925,1.12575,0.64157,0.38583,0.26428,2.24743
"21","2015","United Kingdom","21",6.867,1.26637,0.90943,1.28548,0.59625,0.32067,0.51912,1.96994
"22","2015","Oman","22",6.853,1.36011,0.76276,1.08182,0.63274,0.32524,0.21542,2.47489
"23","2015","Venezuela","23",6.81,1.04424,0.72052,1.25596,0.42908,0.11069,0.05841,3.19131
"24","2015","Singapore","24",6.798,1.52186,1.02525,1.02,0.54252,0.4921,0.31105,1.88501
"25","2015","Panama","25",6.786,1.06353,0.79661,1.1985,0.5421,0.0927,0.24434,2.84848
"26","2015","Germany","26",6.75,1.32792,0.89186,1.29937,0.61477,0.21843,0.28214,2.11569
"27","2015","Chile","27",6.67,1.10715,0.85857,1.12447,0.44132,0.12869,0.33363,2.67585
"28","2015","Qatar","28",6.611,1.69042,0.79733,1.0786,0.6404,0.52208,0.32573,1.55674
"29","2015","France","29",6.575,1.27778,0.94579,1.26038,0.55011,0.20646,0.12332,2.21126
"30","2015","Argentina","30",6.574,1.05351,0.78723,1.24823,0.44974,0.08484,0.11451,2.836
"31","2015","Czech Republic","31",6.505,1.17898,0.84483,1.20643,0.46364,0.02652,0.10686,2.67782
"32","2015","Uruguay","32",6.485,1.06166,0.8116,1.2089,0.60362,0.24558,0.2324,2.32142
"33","2015","Colombia","33",6.477,0.91861,0.69077,1.24018,0.53466,0.0512,0.18401,2.85737
"34","2015","Thailand","34",6.455,0.9669,0.7385,1.26504,0.55664,0.03187,0.5763,2.31945
"35","2015","Saudi Arabia","35",6.411,1.39541,0.72025,1.08393,0.31048,0.32524,0.13706,2.43872
"36","2015","Spain","36",6.329,1.23011,0.95562,1.31379,0.45951,0.06398,0.18227,2.12367
"37","2015","Malta","37",6.302,1.2074,0.88721,1.30203,0.60365,0.13586,0.51752,1.6488
"38","2015","Taiwan","38",6.298,1.29098,0.8753,1.07617,0.3974,0.08129,0.25376,2.32323
"39","2015","Kuwait","39",6.295,1.55422,0.72492,1.16594,0.55499,0.25609,0.16228,1.87634
"40","2015","Suriname","40",6.269,0.99534,0.6082,0.972,0.59657,0.13633,0.16991,2.79094
"41","2015","Trinidad and Tobago","41",6.168,1.21183,0.61483,1.18354,0.55884,0.0114,0.31844,2.26882
"42","2015","El Salvador","42",6.13,0.76454,0.67737,1.02507,0.4035,0.11776,0.10692,3.035
"43","2015","Guatemala","43",6.123,0.74553,0.64425,1.04356,0.57733,0.09472,0.27489,2.74255
"44","2015","Uzbekistan","44",6.003,0.63244,0.59772,1.34043,0.65821,0.30826,0.22837,2.23741
"45","2015","Slovakia","45",5.995,1.16891,0.78902,1.26999,0.31751,0.03431,0.16893,2.24639
"46","2015","Japan","46",5.987,1.27074,0.99111,1.25712,0.49615,0.1806,0.10705,1.68435
"47","2015","South Korea","47",5.984,1.24461,0.96538,0.95774,0.33208,0.07857,0.18557,2.21978
"48","2015","Ecuador","48",5.975,0.86402,0.79075,0.99903,0.48574,0.1809,0.11541,2.53942
"49","2015","Bahrain","49",5.96,1.32376,0.74716,1.21624,0.45492,0.306,0.17362,1.73797
"50","2015","Italy","50",5.948,1.25114,0.95446,1.19777,0.26236,0.02901,0.22823,2.02518
"51","2015","Bolivia","51",5.89,0.68133,0.5392,0.97841,0.57414,0.088,0.20536,2.82334
"52","2015","Moldova","52",5.889,0.59448,0.61826,1.01528,0.32818,0.01615,0.20951,3.10712
"53","2015","Paraguay","53",5.878,0.75985,0.66098,1.30477,0.53899,0.08242,0.3424,2.18896
"54","2015","Kazakhstan","54",5.855,1.12254,0.64368,1.12241,0.51649,0.08454,0.11827,2.24729
"55","2015","Slovenia","55",5.848,1.18498,0.87337,1.27385,0.60855,0.03787,0.25328,1.61583
"56","2015","Lithuania","56",5.833,1.14723,0.73128,1.25745,0.21342,0.01031,0.02641,2.44649
"57","2015","Nicaragua","57",5.828,0.59325,0.74314,1.14184,0.55475,0.19317,0.27815,2.32407
"58","2015","Peru","58",5.824,0.90019,0.73017,0.97459,0.41496,0.05989,0.14982,2.5945
"59","2015","Belarus","59",5.813,1.03192,0.73608,1.23289,0.37938,0.1909,0.11046,2.1309
"60","2015","Poland","60",5.791,1.12555,0.77903,1.27948,0.53122,0.04212,0.16759,1.86565
"61","2015","Malaysia","61",5.77,1.12486,0.72394,1.07023,0.53024,0.10501,0.33075,1.88541
"62","2015","Croatia","62",5.759,1.08254,0.78805,0.79624,0.25883,0.0243,0.05444,2.75414
"63","2015","Libya","63",5.754,1.13145,0.7038,1.11862,0.41668,0.11023,0.18295,2.09066
"64","2015","Russia","64",5.716,1.13764,0.66926,1.23617,0.36679,0.03005,0.00199,2.27394
"65","2015","Jamaica","65",5.709,0.81038,0.68741,1.15102,0.50442,0.02299,0.2123,2.32038
"66","2015","North Cyprus","66",5.695,1.20806,0.92356,1.07008,0.49027,0.1428,0.26169,1.59888
"67","2015","Cyprus","67",5.689,1.20813,0.92356,0.89318,0.40672,0.06146,0.30638,1.88931
"68","2015","Algeria","68",5.605,0.93929,0.61766,1.07772,0.28579,0.17383,0.07822,2.43209
"69","2015","Kosovo","69",5.589,0.80148,0.63132,0.81198,0.24749,0.04741,0.2831,2.76579
"70","2015","Turkmenistan","70",5.548,0.95847,0.53886,1.22668,0.4761,0.30844,0.16979,1.86984
"71","2015","Mauritius","71",5.477,1.00761,0.7095,0.98521,0.56066,0.07521,0.37744,1.76145
"72","2015","Hong Kong","72",5.474,1.38604,1.01328,1.05818,0.59608,0.37124,0.39478,0.65429
"73","2015","Estonia","73",5.429,1.15174,0.77361,1.22791,0.44888,0.15184,0.0868,1.58782
"74","2015","Indonesia","74",5.399,0.82827,0.63793,1.08708,0.46611,0,0.51535,1.86399
"75","2015","Vietnam","75",5.36,0.63216,0.74676,0.91226,0.59444,0.10441,0.1686,2.20173
"76","2015","Turkey","76",5.332,1.06098,0.73172,0.94632,0.22815,0.15746,0.12253,2.08528
"77","2015","Kyrgyzstan","77",5.286,0.47428,0.65088,1.15115,0.43477,0.04232,0.3003,2.2327
"78","2015","Nigeria","78",5.268,0.65435,0.16007,0.90432,0.34334,0.0403,0.27233,2.89319
"79","2015","Bhutan","79",5.253,0.77042,0.57407,1.10395,0.53206,0.15445,0.47998,1.63794
"80","2015","Azerbaijan","80",5.212,1.02389,0.64045,0.93793,0.3703,0.16065,0.07799,2.00073
"81","2015","Pakistan","81",5.194,0.59543,0.51466,0.41411,0.12102,0.10464,0.33671,3.10709
"82","2015","Jordan","82",5.192,0.90198,0.69639,1.05392,0.40661,0.14293,0.11053,1.87996
"83","2015","Montenegro","82",5.192,0.97438,0.72521,0.90557,0.1826,0.14296,0.1614,2.10017
"84","2015","China","84",5.14,0.89012,0.81658,0.94675,0.51697,0.02781,0.08185,1.8604
"85","2015","Zambia","85",5.129,0.47038,0.29924,0.91612,0.48827,0.12468,0.19591,2.6343
"86","2015","Romania","86",5.124,1.04345,0.7689,0.88588,0.35068,0.00649,0.13748,1.93129
"87","2015","Serbia","87",5.123,0.92053,0.74836,1.00964,0.20107,0.02617,0.19231,2.025
"88","2015","Portugal","88",5.102,1.15991,0.87519,1.13935,0.51469,0.01078,0.13719,1.26462
"89","2015","Latvia","89",5.098,1.11312,0.72437,1.09562,0.29671,0.06332,0.18226,1.62215
"90","2015","Philippines","90",5.073,0.70532,0.58114,1.03516,0.62545,0.12279,0.24991,1.7536
"91","2015","Somaliland region","91",5.057,0.18847,0.43873,0.95152,0.46582,0.39928,0.50318,2.11032
"92","2015","Morocco","92",5.013,0.73479,0.60954,0.64095,0.41691,0.08546,0.07172,2.45373
"93","2015","Macedonia","93",5.007,0.91851,0.73545,1.00232,0.33457,0.05327,0.22359,1.73933
"94","2015","Mozambique","94",4.971,0.08308,0.09131,1.02626,0.34037,0.15603,0.22269,3.05137
"95","2015","Albania","95",4.959,0.87867,0.81325,0.80434,0.35733,0.06413,0.14272,1.89894
"96","2015","Bosnia and Herzegovina","96",4.949,0.83223,0.79081,0.91916,0.09245,0.00227,0.24808,2.06367
"97","2015","Lesotho","97",4.898,0.37545,0.07612,1.04103,0.31767,0.12504,0.16388,2.79832
"98","2015","Dominican Republic","98",4.885,0.89537,0.66825,1.17202,0.57672,0.14234,0.21684,1.21305
"99","2015","Laos","99",4.876,0.59066,0.54909,0.73803,0.59591,0.24249,0.42192,1.73799
"100","2015","Mongolia","100",4.874,0.82819,0.60268,1.3006,0.43626,0.02666,0.3323,1.34759
"101","2015","Swaziland","101",4.867,0.71206,0.07566,1.07284,0.30658,0.0306,0.18259,2.48676
"102","2015","Greece","102",4.857,1.15406,0.88213,0.92933,0.07699,0.01397,0,1.80101
"103","2015","Lebanon","103",4.839,1.02564,0.83947,0.80001,0.33916,0.04582,0.21854,1.57059
"104","2015","Hungary","104",4.8,1.12094,0.75905,1.20215,0.32112,0.02758,0.128,1.24074
"105","2015","Honduras","105",4.788,0.59532,0.6951,0.95348,0.40148,0.06825,0.23027,1.84408
"106","2015","Tajikistan","106",4.786,0.39047,0.57379,0.85563,0.47216,0.15072,0.22974,2.11399
"107","2015","Tunisia","107",4.739,0.88113,0.73793,0.60429,0.26268,0.06358,0.06431,2.12466
"108","2015","Palestinian Territories","108",4.715,0.59867,0.66015,0.92558,0.24499,0.12905,0.11251,2.04384
"109","2015","Bangladesh","109",4.694,0.39753,0.60164,0.43106,0.4082,0.12569,0.21222,2.51767
"110","2015","Iran","110",4.686,1.0088,0.69805,0.54447,0.30033,0.05863,0.38086,1.6944
"111","2015","Ukraine","111",4.681,0.79907,0.6739,1.20278,0.25123,0.02961,0.15275,1.5714
"112","2015","Iraq","112",4.677,0.98549,0.60237,0.81889,0,0.13788,0.17922,1.95335
"113","2015","South Africa","113",4.642,0.92049,0.27688,1.18468,0.33207,0.08884,0.11973,1.71956
"114","2015","Ghana","114",4.633,0.54558,0.40132,0.67954,0.42342,0.04355,0.23087,2.30919
"115","2015","Zimbabwe","115",4.61,0.271,0.33475,1.03276,0.25861,0.08079,0.18987,2.44191
"116","2015","Liberia","116",4.571,0.0712,0.34201,0.78968,0.28531,0.06232,0.24362,2.77729
"117","2015","India","117",4.565,0.64499,0.51529,0.38174,0.39786,0.08492,0.26475,2.27513
"118","2015","Sudan","118",4.55,0.52107,0.36878,1.01404,0.10081,0.1466,0.19062,2.20857
"119","2015","Haiti","119",4.518,0.26673,0.38847,0.74302,0.24425,0.17175,0.46187,2.24173
"120","2015","Congo (Kinshasa)","120",4.517,0,0.09806,1.0012,0.22605,0.07625,0.24834,2.86712
"121","2015","Nepal","121",4.514,0.35997,0.56874,0.86449,0.38282,0.05907,0.32296,1.95637
"122","2015","Ethiopia","122",4.512,0.19073,0.44055,0.60406,0.4345,0.15048,0.24325,2.44876
"123","2015","Sierra Leone","123",4.507,0.33024,0,0.95571,0.4084,0.08786,0.21488,2.51009
"124","2015","Mauritania","124",4.436,0.45407,0.35874,0.86908,0.24232,0.17461,0.219,2.11773
"125","2015","Kenya","125",4.419,0.36471,0.41435,0.99876,0.42215,0.05839,0.37542,1.78555
"126","2015","Djibouti","126",4.369,0.44025,0.36291,0.59207,0.46074,0.28105,0.18093,2.05125
"127","2015","Armenia","127",4.35,0.76821,0.7299,0.77711,0.19847,0.039,0.07855,1.75873
"128","2015","Botswana","128",4.332,0.99355,0.04776,1.10464,0.49495,0.12474,0.10461,1.46181
"129","2015","Myanmar","129",4.307,0.27108,0.48246,0.70905,0.44017,0.19034,0.79588,1.41805
"130","2015","Georgia","130",4.297,0.7419,0.72926,0.38562,0.40577,0.38331,0.05547,1.59541
"131","2015","Malawi","131",4.292,0.01604,0.22562,0.41134,0.43054,0.06977,0.33128,2.80791
"132","2015","Sri Lanka","132",4.271,0.83524,0.70806,1.01905,0.53726,0.09179,0.40828,0.67108
"133","2015","Cameroon","133",4.252,0.4225,0.23402,0.88767,0.49309,0.05786,0.20618,1.95071
"134","2015","Bulgaria","134",4.218,1.01216,0.76649,1.10614,0.30587,0.00872,0.11921,0.89991
"135","2015","Egypt","135",4.194,0.8818,0.61712,0.747,0.17288,0.06324,0.11291,1.59927
"136","2015","Yemen","136",4.077,0.54649,0.40064,0.68093,0.35571,0.07854,0.09131,1.92313
"137","2015","Angola","137",4.033,0.75778,0.16683,0.8604,0.10384,0.07122,0.12344,1.94939
"138","2015","Mali","138",3.995,0.26074,0.20583,1.03526,0.38857,0.12352,0.18798,1.79293
"139","2015","Congo (Brazzaville)","139",3.989,0.67866,0.31051,0.6629,0.41466,0.11686,0.12388,1.68135
"140","2015","Comoros","140",3.956,0.23906,0.36315,0.79273,0.22917,0.199,0.17441,1.95812
"141","2015","Uganda","141",3.931,0.21102,0.33861,1.13299,0.45727,0.07267,0.29066,1.42766
"142","2015","Senegal","142",3.904,0.36498,0.4354,0.97619,0.36772,0.10713,0.20843,1.44395
"143","2015","Gabon","143",3.896,1.06024,0.43372,0.90528,0.31914,0.11091,0.06822,0.99895
"144","2015","Niger","144",3.845,0.0694,0.29707,0.77265,0.47692,0.15639,0.19387,1.87877
"145","2015","Cambodia","145",3.819,0.46038,0.61114,0.62736,0.66246,0.07247,0.40359,0.98195
"146","2015","Tanzania","146",3.781,0.2852,0.38215,1.00268,0.32878,0.05747,0.34377,1.38079
"147","2015","Madagascar","147",3.681,0.20824,0.46721,0.66801,0.19184,0.08124,0.21333,1.851
"148","2015","Central African Republic","148",3.678,0.0785,0.06699,1.34951,0.48879,0.08289,0.23835,2.7223
"149","2015","Chad","149",3.667,0.34193,0.1501,0.76062,0.23501,0.05269,0.18386,1.94296
"150","2015","Guinea","150",3.656,0.17417,0.24009,0.46475,0.37725,0.12139,0.28657,1.99172
"151","2015","Ivory Coast","151",3.655,0.46534,0.15185,0.77115,0.46866,0.17922,0.20165,1.41723
"152","2015","Burkina Faso","152",3.587,0.25812,0.27125,0.85188,0.39493,0.12832,0.21747,1.46494
"153","2015","Afghanistan","153",3.575,0.31982,0.30335,0.30285,0.23414,0.09719,0.3651,1.9521
"154","2015","Rwanda","154",3.465,0.22208,0.42864,0.7737,0.59201,0.55191,0.22628,0.67042
"155","2015","Benin","155",3.34,0.28665,0.3191,0.35386,0.4845,0.0801,0.1826,1.63328
"156","2015","Syria","156",3.006,0.6632,0.72193,0.47489,0.15684,0.18906,0.47179,0.32858
"157","2015","Burundi","157",2.905,0.0153,0.22396,0.41587,0.1185,0.10062,0.19727,1.83302
"158","2015","Togo","158",2.839,0.20868,0.28443,0.13995,0.36453,0.10731,0.16681,1.56726
"159","2016","Denmark","1",7.526,1.44178,0.79504,1.16374,0.57941,0.44453,0.36171,2.73939
"160","2016","Switzerland","2",7.509,1.52733,0.86303,1.14524,0.58557,0.41203,0.28083,2.69463
"161","2016","Iceland","3",7.501,1.42666,0.86733,1.18326,0.56624,0.14975,0.47678,2.83137
"162","2016","Norway","4",7.498,1.57744,0.79579,1.1269,0.59609,0.35776,0.37895,2.66465
"163","2016","Finland","5",7.413,1.40598,0.81091,1.13464,0.57104,0.41004,0.25492,2.82596
"164","2016","Canada","6",7.404,1.44015,0.8276,1.0961,0.5737,0.31329,0.44834,2.70485
"165","2016","Netherlands","7",7.339,1.46468,0.81231,1.02912,0.55211,0.29927,0.47416,2.70749
"166","2016","New Zealand","8",7.334,1.36066,0.83096,1.17278,0.58147,0.41904,0.49401,2.47553
"167","2016","Australia","9",7.313,1.44443,0.8512,1.10476,0.56837,0.32331,0.47407,2.5465
"168","2016","Sweden","10",7.291,1.45181,0.83121,1.08764,0.58218,0.40867,0.38254,2.54734
"169","2016","Israel","11",7.267,1.33766,0.84917,0.99537,0.36432,0.08728,0.32288,3.31029
"170","2016","Austria","12",7.119,1.45038,0.80565,1.08383,0.54355,0.21348,0.32865,2.69343
"171","2016","United States","13",7.104,1.50796,0.779,1.04782,0.48163,0.14868,0.41077,2.72782
"172","2016","Costa Rica","14",7.087,1.06879,0.76146,1.02152,0.55225,0.10547,0.22553,3.35168
"173","2016","Puerto Rico","15",7.039,1.35943,0.77758,1.08113,0.46823,0.12275,0.22202,3.0076
"174","2016","Germany","16",6.994,1.44787,0.81487,1.09774,0.53466,0.28551,0.30452,2.50931
"175","2016","Brazil","17",6.952,1.08754,0.61415,1.03938,0.40425,0.14166,0.15776,3.50733
"176","2016","Belgium","18",6.929,1.42539,0.81959,1.05249,0.51354,0.26248,0.2424,2.61355
"177","2016","Ireland","19",6.907,1.48341,0.81455,1.16157,0.54008,0.29754,0.44963,2.15988
"178","2016","Luxembourg","20",6.871,1.69752,0.84542,1.03999,0.5487,0.35329,0.27571,2.11055
"179","2016","Mexico","21",6.778,1.11508,0.71143,0.7146,0.37709,0.18355,0.11735,3.55906
"180","2016","Singapore","22",6.739,1.64555,0.94719,0.86758,0.4877,0.46987,0.32706,1.99375
"181","2016","United Kingdom","23",6.725,1.40283,0.80991,1.08672,0.50036,0.27399,0.50156,2.14999
"182","2016","Chile","24",6.705,1.2167,0.81883,0.90587,0.37789,0.11451,0.31595,2.95505
"183","2016","Panama","25",6.701,1.18306,0.70835,0.98912,0.48927,0.08423,0.2418,3.00559
"184","2016","Argentina","26",6.65,1.15137,0.69711,1.06612,0.42284,0.07296,0.10989,3.12985
"185","2016","Czech Republic","27",6.596,1.30915,0.76376,1.00793,0.41418,0.03986,0.09929,2.96211
"186","2016","United Arab Emirates","28",6.573,1.57352,0.72993,0.87114,0.56215,0.35561,0.26591,2.21507
"187","2016","Uruguay","29",6.545,1.18157,0.72183,1.03143,0.54388,0.21394,0.18056,2.67139
"188","2016","Malta","30",6.488,1.30782,0.80315,1.09879,0.54994,0.17554,0.56237,1.99032
"189","2016","Colombia","31",6.481,1.03032,0.59659,1.02169,0.44735,0.05399,0.15626,3.17471
"190","2016","France","32",6.478,1.39488,0.83795,1.00508,0.46562,0.17808,0.1216,2.4744
"191","2016","Thailand","33",6.474,1.0893,0.64915,1.04477,0.49553,0.02833,0.58696,2.5796
"192","2016","Saudi Arabia","34",6.379,1.48953,0.59267,0.84829,0.37904,0.30008,0.15457,2.61482
"193","2016","Taiwan","34",6.379,1.39729,0.79565,0.92624,0.32377,0.0663,0.25495,2.61523
"194","2016","Qatar","36",6.375,1.82427,0.71723,0.87964,0.56679,0.48049,0.32388,1.58224
"195","2016","Spain","37",6.361,1.34253,0.87896,1.12945,0.37545,0.06137,0.17665,2.39663
"196","2016","Algeria","38",6.355,1.05266,0.61804,0.83309,0.21006,0.16157,0.07044,3.40904
"197","2016","Guatemala","39",6.324,0.83454,0.54039,0.87119,0.50379,0.08701,0.28808,3.19863
"198","2016","Suriname","40",6.269,1.09686,0.50933,0.77866,0.52234,0.12692,0.16665,3.06852
"199","2016","Kuwait","41",6.239,1.61714,0.63569,0.87758,0.43166,0.23669,0.15965,2.28085
"200","2016","Bahrain","42",6.218,1.44024,0.65696,0.94397,0.47375,0.25772,0.17147,2.27405
"201","2016","Trinidad and Tobago","43",6.168,1.32572,0.52608,0.98569,0.48453,0.01241,0.31935,2.51394
"202","2016","Venezuela","44",6.084,1.13367,0.61904,1.03302,0.19847,0.08304,0.0425,2.97468
"203","2016","Slovakia","45",6.078,1.27973,0.70367,1.08268,0.23391,0.02947,0.13837,2.61065
"204","2016","El Salvador","46",6.068,0.8737,0.596,0.80975,0.37269,0.10613,0.08877,3.22134
"205","2016","Malaysia","47",6.005,1.25142,0.62366,0.88025,0.39031,0.09081,0.41474,2.35384
"206","2016","Nicaragua","48",5.992,0.69384,0.65213,0.89521,0.46582,0.16292,0.29773,2.82428
"207","2016","Uzbekistan","49",5.987,0.73591,0.50163,1.1681,0.60848,0.28333,0.34326,2.34638
"208","2016","Italy","50",5.977,1.35495,0.85102,1.04167,0.18827,0.02556,0.16684,2.34918
"209","2016","Ecuador","51",5.976,0.97306,0.68613,0.85974,0.4027,0.18037,0.10074,2.77366
"210","2016","Belize","52",5.956,0.87616,0.45569,0.68655,0.51231,0.10771,0.23684,3.08039
"211","2016","Japan","53",5.921,1.38007,0.91491,1.06054,0.46761,0.18985,0.10224,1.80584
"212","2016","Kazakhstan","54",5.919,1.22943,0.57386,0.95544,0.4052,0.11132,0.15011,2.49325
"213","2016","Moldova","55",5.897,0.69177,0.52309,0.83132,0.25202,0.01903,0.19997,3.38007
"214","2016","Russia","56",5.856,1.23228,0.58991,1.05261,0.32682,0.03586,0.02736,2.59115
"215","2016","Poland","57",5.835,1.24585,0.69058,1.04685,0.4519,0.055,0.14443,2.20035
"216","2016","South Korea","57",5.835,1.35948,0.88645,0.72194,0.25168,0.07716,0.18824,2.35015
"217","2016","Bolivia","59",5.822,0.79422,0.4697,0.83779,0.50961,0.07746,0.21698,2.91635
"218","2016","Lithuania","60",5.813,1.2692,0.64674,1.06411,0.18929,0.0182,0.02025,2.60525
"219","2016","Belarus","61",5.802,1.13062,0.63104,1.04993,0.29091,0.17457,0.13942,2.38582
"220","2016","North Cyprus","62",5.771,1.31141,0.84142,0.81826,0.43596,0.16578,0.26322,1.93447
"221","2016","Slovenia","63",5.768,1.29947,0.79151,1.05613,0.53164,0.03635,0.25738,1.79522
"222","2016","Peru","64",5.743,0.99602,0.62994,0.81255,0.37502,0.05292,0.14527,2.73117
"223","2016","Turkmenistan","65",5.658,1.08017,0.44006,1.03817,0.37408,0.28467,0.22567,2.21489
"224","2016","Mauritius","66",5.648,1.14372,0.66189,0.75695,0.46145,0.05203,0.36951,2.20223
"225","2016","Libya","67",5.615,1.06688,0.52304,0.95076,0.40672,0.10339,0.17087,2.39374
"226","2016","Latvia","68",5.56,1.21788,0.63952,0.95025,0.27996,0.0889,0.17445,2.20859
"227","2016","Cyprus","69",5.546,1.31857,0.8488,0.70697,0.29507,0.05228,0.27906,2.04497
"228","2016","Paraguay","70",5.538,0.89373,0.58295,1.11111,0.46235,0.07396,0.25296,2.16091
"229","2016","Romania","71",5.528,1.1697,0.67602,0.72803,0.36712,0.00679,0.12889,2.45184
"230","2016","Estonia","72",5.517,1.27964,0.68098,1.05163,0.41511,0.18519,0.08423,1.81985
"231","2016","Jamaica","73",5.51,0.89333,0.59469,0.96372,0.43597,0.04294,0.22245,2.35682
"232","2016","Croatia","74",5.488,1.18649,0.70524,0.60809,0.23907,0.04002,0.18434,2.52462
"233","2016","Hong Kong","75",5.458,1.5107,0.95277,0.87021,0.48079,0.31647,0.40097,0.92614
"234","2016","Somalia","76",5.44,0,0.11466,0.33613,0.56778,0.3118,0.27225,3.83772
"235","2016","Kosovo","77",5.401,0.90145,0.54,0.66062,0.14396,0.06547,0.27992,2.80998
"236","2016","Turkey","78",5.389,1.16492,0.64718,0.87717,0.23889,0.12348,0.04707,2.29074
"237","2016","Indonesia","79",5.314,0.95104,0.49374,0.87625,0.39237,0.00322,0.56521,2.03171
"238","2016","Jordan","80",5.303,0.99673,0.60712,0.86216,0.36023,0.13297,0.14262,2.20142
"239","2016","Azerbaijan","81",5.291,1.12373,0.54504,0.76042,0.35327,0.17914,0.0564,2.2735
"240","2016","Philippines","82",5.279,0.81217,0.47036,0.87877,0.54854,0.11757,0.21674,2.23484
"241","2016","China","83",5.245,1.0278,0.73561,0.79381,0.44012,0.02745,0.04959,2.17087
"242","2016","Bhutan","84",5.196,0.8527,0.49759,0.90836,0.46074,0.1616,0.48546,1.82916
"243","2016","Kyrgyzstan","85",5.185,0.56044,0.55449,0.95434,0.40212,0.04762,0.38432,2.28136
"244","2016","Serbia","86",5.177,1.03437,0.6458,0.81329,0.15718,0.04339,0.20737,2.27539
"245","2016","Bosnia and Herzegovina","87",5.163,0.93383,0.70766,0.64367,0.09511,0,0.29889,2.48406
"246","2016","Montenegro","88",5.161,1.07838,0.63533,0.74173,0.15111,0.12721,0.17191,2.25531
"247","2016","Dominican Republic","89",5.155,1.02787,0.57669,0.99496,0.52259,0.12372,0.21286,1.69626
"248","2016","Morocco","90",5.151,0.84058,0.59471,0.38595,0.25646,0.08404,0.04053,2.94891
"249","2016","Hungary","91",5.145,1.24142,0.67608,0.93164,0.1977,0.04472,0.099,1.95473
"250","2016","Pakistan","92",5.132,0.68816,0.40306,0.26135,0.14622,0.1388,0.31185,3.18286
"251","2016","Lebanon","93",5.129,1.12268,0.76171,0.64184,0.26228,0.03061,0.23693,2.07339
"252","2016","Portugal","94",5.123,1.27607,0.79363,0.94367,0.44727,0.01521,0.11691,1.53015
"253","2016","Macedonia","95",5.121,1.0193,0.64738,0.78236,0.27668,0.07047,0.23507,2.08947
"254","2016","Vietnam","96",5.061,0.74037,0.66157,0.79117,0.55954,0.11556,0.25075,1.9418
"255","2016","Somaliland Region","97",5.057,0.25558,0.33108,0.75862,0.3913,0.36794,0.51479,2.43801
"256","2016","Tunisia","98",5.045,0.97724,0.59577,0.43165,0.23553,0.0817,0.03936,2.68413
"257","2016","Greece","99",5.033,1.24886,0.80029,0.75473,0.05822,0.04127,0,2.12944
"258","2016","Tajikistan","100",4.996,0.48835,0.53119,0.75602,0.43408,0.13509,0.25998,2.39106
"259","2016","Mongolia","101",4.907,0.98853,0.55469,1.08983,0.35972,0.03285,0.34539,1.53586
"260","2016","Laos","102",4.876,0.68042,0.38291,0.5497,0.52168,0.22423,0.43079,2.08637
"261","2016","Nigeria","103",4.875,0.75216,0.05108,0.64498,0.27854,0.0305,0.23219,2.88586
"262","2016","Honduras","104",4.871,0.69429,0.58383,0.75596,0.26755,0.06906,0.2044,2.29551
"263","2016","Iran","105",4.813,1.11758,0.64232,0.38857,0.22544,0.0557,0.38538,1.99817
"264","2016","Zambia","106",4.795,0.61202,0.23573,0.6376,0.42662,0.11479,0.17866,2.58991
"265","2016","Nepal","107",4.793,0.44626,0.50073,0.69699,0.37012,0.07008,0.3816,2.32694
"266","2016","Palestinian Territories","108",4.754,0.67024,0.56844,0.71629,0.17744,0.10613,0.11154,2.40364
"267","2016","Albania","109",4.655,0.9553,0.73007,0.50163,0.31866,0.05301,0.1684,1.92816
"268","2016","Bangladesh","110",4.643,0.54177,0.52989,0.24749,0.39778,0.12583,0.19132,2.60904
"269","2016","Sierra Leone","111",4.635,0.36485,0,0.628,0.30685,0.08196,0.23897,3.01402
"270","2016","Iraq","112",4.575,1.07474,0.51076,0.59205,0.24856,0.13636,0.19589,1.81657
"271","2016","Namibia","113",4.574,0.93287,0.34745,0.70362,0.48614,0.10398,0.07795,1.92198
"272","2016","Cameroon","114",4.513,0.52497,0.12698,0.62542,0.42736,0.06126,0.2268,2.5198
"273","2016","Ethiopia","115",4.508,0.29283,0.34578,0.37932,0.36703,0.1717,0.29522,2.65614
"274","2016","South Africa","116",4.459,1.02416,0.18611,0.96053,0.42483,0.08415,0.13656,1.64227
"275","2016","Sri Lanka","117",4.415,0.97318,0.62007,0.84783,0.50817,0.07964,0.46978,0.91681
"276","2016","India","118",4.404,0.74036,0.45091,0.29247,0.40285,0.08722,0.25028,2.18032
"277","2016","Myanmar","119",4.395,0.34112,0.3988,0.69981,0.42692,0.20243,0.81971,1.50655
"278","2016","Egypt","120",4.362,0.95395,0.52116,0.49813,0.18847,0.10393,0.12706,1.96895
"279","2016","Armenia","121",4.36,0.86086,0.64083,0.62477,0.14037,0.03616,0.07793,1.97864
"280","2016","Kenya","122",4.356,0.52267,0.30147,0.7624,0.40576,0.06686,0.41328,1.88326
"281","2016","Ukraine","123",4.324,0.87287,0.58628,1.01413,0.12859,0.01829,0.20363,1.50066
"282","2016","Ghana","124",4.276,0.63107,0.29681,0.49353,0.40973,0.0326,0.21203,2.2002
"283","2016","Congo (Kinshasa)","125",4.272,0.05661,0.188,0.80676,0.15602,0.06075,0.25458,2.74924
"284","2016","Georgia","126",4.252,0.83792,0.64035,0.19249,0.32461,0.3188,0.06786,1.87031
"285","2016","Congo (Brazzaville)","127",4.236,0.77109,0.28212,0.47799,0.37938,0.09753,0.12077,2.10681
"286","2016","Senegal","128",4.219,0.44314,0.40457,0.77416,0.31056,0.11681,0.19103,1.97861
"287","2016","Bulgaria","129",4.217,1.11306,0.67806,0.92542,0.21219,0.00615,0.12793,1.15377
"288","2016","Mauritania","130",4.201,0.61391,0.28639,0.84142,0.1268,0.17955,0.22686,1.9263
"289","2016","Zimbabwe","131",4.193,0.35041,0.1595,0.71478,0.25429,0.08582,0.18503,2.4427
"290","2016","Malawi","132",4.156,0.08709,0.29364,0.147,0.4143,0.07564,0.30968,2.82859
"291","2016","Sudan","133",4.139,0.63069,0.29759,0.81928,0,0.10039,0.18077,2.10995
"292","2016","Gabon","134",4.121,1.15851,0.3494,0.72368,0.28098,0.09314,0.06244,1.45332
"293","2016","Mali","135",4.073,0.31292,0.16347,0.86333,0.27544,0.13647,0.21064,2.11087
"294","2016","Haiti","136",4.028,0.34097,0.27494,0.29561,0.12072,0.14476,0.47958,2.37116
"295","2016","Botswana","137",3.974,1.09426,0.34752,0.89186,0.44089,0.10769,0.12425,0.96741
"296","2016","Comoros","138",3.956,0.27509,0.29981,0.60323,0.15412,0.18437,0.1827,2.25632
"297","2016","Ivory Coast","139",3.916,0.55507,0.04476,0.57576,0.40663,0.1553,0.20338,1.97478
"298","2016","Cambodia","140",3.907,0.55604,0.42494,0.5375,0.58852,0.08092,0.40339,1.31573
"299","2016","Angola","141",3.866,0.84731,0.04991,0.66366,0.00589,0.08434,0.12071,2.09459
"300","2016","Niger","142",3.856,0.1327,0.26162,0.6053,0.38041,0.17176,0.2097,2.09469
"301","2016","South Sudan","143",3.832,0.39394,0.15781,0.18519,0.19662,0.13015,0.25899,2.50929
"302","2016","Chad","144",3.763,0.42214,0.03824,0.63178,0.12807,0.04952,0.18667,2.30637
"303","2016","Burkina Faso","145",3.739,0.31995,0.21297,0.63054,0.3337,0.12533,0.24353,1.87319
"304","2016","Uganda","145",3.739,0.34719,0.19625,0.90981,0.43653,0.06442,0.27102,1.51416
"305","2016","Yemen","147",3.724,0.57939,0.31048,0.47493,0.2287,0.05892,0.09821,1.97295
"306","2016","Madagascar","148",3.695,0.27954,0.37109,0.46115,0.13684,0.07506,0.2204,2.15075
"307","2016","Tanzania","149",3.666,0.47155,0.357,0.77623,0.3176,0.05099,0.31472,1.37769
"308","2016","Liberia","150",3.622,0.10706,0.23165,0.50353,0.25748,0.04852,0.24063,2.23284
"309","2016","Guinea","151",3.607,0.22415,0.18829,0.3109,0.30953,0.1192,0.29914,2.15604
"310","2016","Rwanda","152",3.515,0.32846,0.31865,0.61586,0.5432,0.50521,0.23552,0.96819
"311","2016","Benin","153",3.484,0.39499,0.21028,0.10419,0.39747,0.06681,0.2018,2.10812
"312","2016","Afghanistan","154",3.36,0.38227,0.17344,0.11037,0.1643,0.07112,0.31268,2.14558
"313","2016","Togo","155",3.303,0.28123,0.24811,1.40223,0.34678,0.11587,0.17517,2.1354
"314","2016","Syria","156",3.069,0.74719,0.62994,0.14866,0.06912,0.17233,0.48397,0.81789
"315","2016","Burundi","157",2.905,0.06831,0.15747,0.23442,0.0432,0.09419,0.2029,2.10404
"316","2017","Norway","1",7.53700017929077,1.61646318435669,0.796666502952576,1.53352355957031,0.635422587394714,0.315963834524155,0.36201223731041,2.27702665328979
"317","2017","Denmark","2",7.52199983596802,1.48238301277161,0.792565524578094,1.55112159252167,0.626006722450256,0.40077006816864,0.355280488729477,2.31370735168457
"318","2017","Iceland","3",7.50400018692017,1.480633020401,0.833552122116089,1.6105740070343,0.627162635326385,0.153526559472084,0.475540220737457,2.32271528244019
"319","2017","Switzerland","4",7.49399995803833,1.56497955322266,0.858131289482117,1.51691174507141,0.620070576667786,0.367007285356522,0.290549278259277,2.2767162322998
"320","2017","Finland","5",7.4689998626709,1.44357192516327,0.80915766954422,1.5402467250824,0.617950856685638,0.38261154294014,0.24548277258873,2.4301815032959
"321","2017","Netherlands","6",7.3769998550415,1.50394463539124,0.810696125030518,1.42893922328949,0.585384488105774,0.282661825418472,0.470489829778671,2.29480409622192
"322","2017","Canada","7",7.31599998474121,1.47920441627502,0.83455765247345,1.48134899139404,0.611100912094116,0.287371516227722,0.435539722442627,2.18726444244385
"323","2017","New Zealand","8",7.31400012969971,1.40570604801178,0.816759705543518,1.54819512367249,0.614062130451202,0.382816702127457,0.500005125999451,2.0464563369751
"324","2017","Sweden","9",7.28399991989136,1.49438726902008,0.830875158309937,1.47816216945648,0.612924098968506,0.384398728609085,0.385399252176285,2.09753799438477
"325","2017","Australia","10",7.28399991989136,1.484414935112,0.84388679265976,1.51004195213318,0.601607382297516,0.301183730363846,0.477699249982834,2.06521081924438
"326","2017","Israel","11",7.21299982070923,1.37538242340088,0.83840399980545,1.37628996372223,0.405988603830338,0.0852421000599861,0.330082654953003,2.80175733566284
"327","2017","Costa Rica","12",7.0789999961853,1.10970628261566,0.759509265422821,1.41640365123749,0.580131649971008,0.100106589496136,0.214613229036331,2.89863920211792
"328","2017","Austria","13",7.00600004196167,1.48709726333618,0.815328419208527,1.4599449634552,0.567766189575195,0.221060365438461,0.316472321748734,2.1385064125061
"329","2017","United States","14",6.99300003051758,1.54625928401947,0.77428662776947,1.41992056369781,0.505740523338318,0.135638788342476,0.392578780651093,2.2181134223938
"330","2017","Ireland","15",6.97700023651123,1.53570663928986,0.80978262424469,1.55823111534119,0.573110342025757,0.29838815331459,0.42785832285881,1.77386903762817
"331","2017","Germany","16",6.95100021362305,1.48792338371277,0.798950731754303,1.47252035140991,0.562511384487152,0.276731938123703,0.336269170045853,2.01576995849609
"332","2017","Belgium","17",6.89099979400635,1.46378076076508,0.818091869354248,1.46231269836426,0.539770722389221,0.251343131065369,0.231503337621689,2.12421035766602
"333","2017","Luxembourg","18",6.86299991607666,1.74194359779358,0.845089495182037,1.45758366584778,0.59662789106369,0.31883442401886,0.283180981874466,1.61951208114624
"334","2017","United Kingdom","19",6.71400022506714,1.44163393974304,0.805335938930511,1.49646008014679,0.508190035820007,0.265428066253662,0.492774158716202,1.70414352416992
"335","2017","Chile","20",6.65199995040894,1.25278460979462,0.819479703903198,1.28402495384216,0.376895278692245,0.0822879821062088,0.326662421226501,2.50958585739136
"336","2017","United Arab Emirates","21",6.64799976348877,1.62634336948395,0.726798236370087,1.26641023159027,0.60834527015686,0.324489563703537,0.3609419465065,1.734703540802
"337","2017","Brazil","22",6.63500022888184,1.10735321044922,0.616552352905273,1.43130600452423,0.437453746795654,0.111092761158943,0.16234989464283,2.76926708221436
"338","2017","Czech Republic","23",6.60900020599365,1.35268235206604,0.754444003105164,1.43388521671295,0.490946173667908,0.0368729270994663,0.0881067588925362,2.45186185836792
"339","2017","Argentina","24",6.59899997711182,1.18529546260834,0.695137083530426,1.44045114517212,0.494519203901291,0.059739887714386,0.109457060694695,2.61400532722473
"340","2017","Mexico","25",6.57800006866455,1.15318381786346,0.709978997707367,1.210862159729,0.412730008363724,0.132774114608765,0.120990432798862,2.83715486526489
"341","2017","Singapore","26",6.57200002670288,1.69227766990662,0.949492394924164,1.35381436347961,0.549840569496155,0.46430778503418,0.345965981483459,1.21636199951172
"342","2017","Malta","27",6.52699995040894,1.34327983856201,0.821944236755371,1.48841166496277,0.588767051696777,0.153066068887711,0.574730575084686,1.55686283111572
"343","2017","Uruguay","28",6.4539999961853,1.21755969524384,0.719216823577881,1.41222786903381,0.57939225435257,0.178061872720718,0.175096929073334,2.17240953445435
"344","2017","Guatemala","29",6.4539999961853,0.872001945972443,0.540239989757538,1.25558519363403,0.531310617923737,0.0772232785820961,0.283488392829895,2.89389109611511
"345","2017","Panama","30",6.4520001411438,1.23374843597412,0.706156134605408,1.37319254875183,0.550026834011078,0.070983923971653,0.21055693924427,2.30719995498657
"346","2017","France","31",6.44199991226196,1.43092346191406,0.844465851783752,1.38777685165405,0.470222115516663,0.172502428293228,0.129762306809425,2.00595474243164
"347","2017","Thailand","32",6.42399978637695,1.12786877155304,0.647239029407501,1.42579245567322,0.580200731754303,0.0316127352416515,0.572123110294342,2.03950834274292
"348","2017","Taiwan Province of China","33",6.42199993133545,1.43362653255463,0.793984234333038,1.38456535339355,0.361466586589813,0.0638292357325554,0.258360475301743,2.1266074180603
"349","2017","Spain","34",6.40299987792969,1.38439786434174,0.888960599899292,1.53209090232849,0.408781230449677,0.0709140971302986,0.190133571624756,1.92775774002075
"350","2017","Qatar","35",6.375,1.87076568603516,0.710098087787628,1.27429687976837,0.604130983352661,0.439299255609512,0.330473870038986,1.1454644203186
"351","2017","Colombia","36",6.35699987411499,1.07062232494354,0.595027923583984,1.4021829366684,0.477487415075302,0.0466687418520451,0.149014472961426,2.61606812477112
"352","2017","Saudi Arabia","37",6.3439998626709,1.53062355518341,0.590148329734802,1.28667759895325,0.449750572443008,0.27343225479126,0.147616013884544,2.0654296875
"353","2017","Trinidad and Tobago","38",6.16800022125244,1.36135590076447,0.519983291625977,1.3802285194397,0.518630743026733,0.00896481610834599,0.325296461582184,2.05324745178223
"354","2017","Kuwait","39",6.10500001907349,1.63295245170593,0.632105708122253,1.25969874858856,0.496337592601776,0.215159550309181,0.228289797902107,1.64042520523071
"355","2017","Slovakia","40",6.09800004959106,1.32539355754852,0.712732911109924,1.50505924224854,0.295817464590073,0.0242108516395092,0.136544480919838,2.09777665138245
"356","2017","Bahrain","41",6.08699989318848,1.48841226100922,0.653133034706116,1.32311046123505,0.536746919155121,0.257042169570923,0.172668486833572,1.65614938735962
"357","2017","Malaysia","42",6.08400011062622,1.29121541976929,0.618784427642822,1.28464603424072,0.402264982461929,0.0656007081270218,0.416608929634094,2.00444889068604
"358","2017","Nicaragua","43",6.07100009918213,0.737299203872681,0.653095960617065,1.28721570968628,0.447551846504211,0.130687981843948,0.301674216985703,2.51393055915833
"359","2017","Ecuador","44",6.00799989700317,1.00082039833069,0.685636222362518,1.28616881370544,0.4551981985569,0.140134647488594,0.150112465023994,2.29035258293152
"360","2017","El Salvador","45",6.00299978256226,0.909784495830536,0.596018552780151,1.18212509155273,0.432452529668808,0.0899809598922729,0.0782579854130745,2.7145938873291
"361","2017","Poland","46",5.97300004959106,1.29178786277771,0.699475347995758,1.44571197032928,0.520342111587524,0.0593078061938286,0.158465966582298,1.79772281646729
"362","2017","Uzbekistan","47",5.97100019454956,0.786441087722778,0.498272627592087,1.54896914958954,0.658248662948608,0.246528223156929,0.415983647108078,1.81691360473633
"363","2017","Italy","48",5.96400022506714,1.39506661891937,0.853144347667694,1.44492328166962,0.256450712680817,0.0280280914157629,0.17278964817524,1.81331205368042
"364","2017","Russia","49",5.96299982070923,1.28177809715271,0.547349333763123,1.46928238868713,0.373783111572266,0.0329628810286522,0.0522638224065304,2.20560741424561
"365","2017","Belize","50",5.95599985122681,0.907975316047668,0.450191766023636,1.08141779899597,0.547509372234344,0.0965810716152191,0.240015640854836,2.63195562362671
"366","2017","Japan","51",5.92000007629395,1.41691517829895,0.913475871086121,1.43633782863617,0.505625545978546,0.163760736584663,0.12057276815176,1.36322355270386
"367","2017","Lithuania","52",5.90199995040894,1.31458234786987,0.62894994020462,1.47351610660553,0.234231784939766,0.0118656428530812,0.010164656676352,2.22844052314758
"368","2017","Algeria","53",5.87200021743774,1.09186446666718,0.617584645748138,1.1462174654007,0.233335807919502,0.146096110343933,0.0694366469979286,2.56760382652283
"369","2017","Latvia","54",5.84999990463257,1.26074862480164,0.638566970825195,1.40471494197845,0.325707912445068,0.0738427266478539,0.153074786067009,1.99365520477295
"370","2017","South Korea","55",5.83799982070923,1.40167844295502,0.900214076042175,1.12827444076538,0.257921665906906,0.0632826685905457,0.206674367189407,1.88037800788879
"371","2017","Moldova","56",5.83799982070923,0.728870630264282,0.589465200901031,1.25182557106018,0.240729048848152,0.0100912861526012,0.208779126405716,2.80780839920044
"372","2017","Romania","57",5.82499980926514,1.21768391132355,0.685158312320709,1.15009129047394,0.457003742456436,0.00438790069893003,0.133519917726517,2.17683148384094
"373","2017","Bolivia","58",5.82299995422363,0.833756566047668,0.473630249500275,1.22761905193329,0.558732926845551,0.0604777261614799,0.22556072473526,2.44327902793884
"374","2017","Turkmenistan","59",5.82200002670288,1.13077676296234,0.437726080417633,1.49314916133881,0.41827192902565,0.259270340204239,0.24992498755455,1.83290982246399
"375","2017","Kazakhstan","60",5.81899976730347,1.28455626964569,0.606041550636292,1.38436901569366,0.437454283237457,0.119282886385918,0.201964423060417,1.78489255905151
"376","2017","North Cyprus","61",5.80999994277954,1.3469113111496,0.834647238254547,1.18630337715149,0.471203625202179,0.155353352427483,0.266845703125,1.54915761947632
"377","2017","Slovenia","62",5.75799989700317,1.3412059545517,0.790828227996826,1.45251882076263,0.572575807571411,0.0451289787888527,0.242649093270302,1.31331729888916
"378","2017","Peru","63",5.71500015258789,1.03522527217865,0.630166113376617,1.21877038478851,0.450002878904343,0.0470490865409374,0.126819714903831,2.20726943016052
"379","2017","Mauritius","64",5.62900018692017,1.18939554691315,0.638007462024689,1.20956099033356,0.491247326135635,0.0421815551817417,0.360933750867844,1.6975839138031
"380","2017","Cyprus","65",5.62099981307983,1.35593807697296,0.84471470117569,1.13136327266693,0.355111539363861,0.0412379764020443,0.271254301071167,1.62124919891357
"381","2017","Estonia","66",5.61100006103516,1.32087934017181,0.695168316364288,1.47667109966278,0.479131430387497,0.183248922228813,0.0988908112049103,1.35750865936279
"382","2017","Belarus","67",5.56899976730347,1.15655755996704,0.637714266777039,1.44494521617889,0.295400261878967,0.156313821673393,0.15513750910759,1.72323298454285
"383","2017","Libya","68",5.52500009536743,1.10180306434631,0.520169019699097,1.35756433010101,0.465733230113983,0.0926102101802826,0.152073666453362,1.83501124382019
"384","2017","Turkey","69",5.5,1.19827437400818,0.637605607509613,1.33775317668915,0.300740599632263,0.0996715798974037,0.0466930419206619,1.87927794456482
"385","2017","Paraguay","70",5.49300003051758,0.932537317276001,0.579250693321228,1.50728487968445,0.473507791757584,0.091065913438797,0.224150657653809,1.6853334903717
"386","2017","Hong Kong S.A.R., China","71",5.47200012207031,1.55167484283447,0.943062424659729,1.26279091835022,0.490968644618988,0.293933749198914,0.374465793371201,0.554633140563965
"387","2017","Philippines","72",5.42999982833862,0.85769921541214,0.468009054660797,1.25391757488251,0.585214674472809,0.0993318930268288,0.193513423204422,1.97260475158691
"388","2017","Serbia","73",5.39499998092651,1.06931757926941,0.65078467130661,1.25818979740143,0.208715528249741,0.0409037806093693,0.220125883817673,1.94708442687988
"389","2017","Jordan","74",5.33599996566772,0.991012394428253,0.604590058326721,1.23908889293671,0.418421149253845,0.11980327218771,0.172170460224152,1.79117655754089
"390","2017","Hungary","75",5.32399988174438,1.2860119342804,0.687763452529907,1.34313309192657,0.175863519310951,0.0366369374096394,0.0784016624093056,1.71645927429199
"391","2017","Jamaica","76",5.31099987030029,0.925579309463501,0.641022384166718,1.36821806430817,0.474307239055634,0.0552677810192108,0.233818337321281,1.61232566833496
"392","2017","Croatia","77",5.29300022125244,1.22255623340607,0.701288521289825,0.96798300743103,0.255772292613983,0.0431031100451946,0.248002976179123,1.85449242591858
"393","2017","Kosovo","78",5.27899980545044,0.951484382152557,0.541452050209045,1.13785350322723,0.260287940502167,0.0574716180562973,0.319931447505951,2.01054072380066
"394","2017","China","79",5.27299976348877,1.08116579055786,0.741415500640869,1.16083741188049,0.472787708044052,0.0227942746132612,0.0288068410009146,1.76493859291077
"395","2017","Pakistan","80",5.26900005340576,0.72688353061676,0.402047783136368,0.672690689563751,0.23521526157856,0.124348066747189,0.315446019172668,2.79248929023743
"396","2017","Indonesia","81",5.26200008392334,0.995538592338562,0.492345720529556,1.27444469928741,0.443323463201523,0.0153171354904771,0.611704587936401,1.42947697639465
"397","2017","Venezuela","82",5.25,1.12843120098114,0.617144227027893,1.43133759498596,0.153997123241425,0.0644911229610443,0.0650196298956871,1.78946375846863
"398","2017","Montenegro","83",5.23699998855591,1.12112903594971,0.667464673519135,1.23837649822235,0.194989055395126,0.0881741940975189,0.197911024093628,1.72919154167175
"399","2017","Morocco","84",5.2350001335144,0.878114581108093,0.59771066904068,0.774864435195923,0.408158332109451,0.0877631828188896,0.0322099551558495,2.45618939399719
"400","2017","Azerbaijan","85",5.23400020599365,1.15360176563263,0.540775775909424,1.15240025520325,0.398155838251114,0.180987507104874,0.0452693402767181,1.76248168945312
"401","2017","Dominican Republic","86",5.23000001907349,1.07937383651733,0.574873745441437,1.40241670608521,0.55258983373642,0.113945253193378,0.186967849731445,1.31946516036987
"402","2017","Greece","87",5.22700023651123,1.28948748111725,0.810198903083801,1.23941457271576,0.0957312509417534,0.04328977689147,0,1.74922156333923
"403","2017","Lebanon","88",5.22499990463257,1.07498753070831,0.735081076622009,1.12962424755096,0.288515985012054,0.037513829767704,0.264450758695602,1.69507384300232
"404","2017","Portugal","89",5.19500017166138,1.3151752948761,0.795843541622162,1.36704301834106,0.498465299606323,0.0158694516867399,0.0951027125120163,1.10768270492554
"405","2017","Bosnia and Herzegovina","90",5.18200016021729,0.982409417629242,0.705186307430267,1.0693359375,0.204403176903725,0,0.328867495059967,1.89217257499695
"406","2017","Honduras","91",5.18100023269653,0.730573117733002,0.582569479942322,1.14394497871399,0.348079860210419,0.0733454525470734,0.236188873648643,2.06581115722656
"407","2017","Macedonia","92",5.17500019073486,1.06457793712616,0.644948184490204,1.20789301395416,0.325905978679657,0.0602777935564518,0.25376096367836,1.6174693107605
"408","2017","Somalia","93",5.15100002288818,0.0226431842893362,0.113989137113094,0.721151351928711,0.602126955986023,0.282410323619843,0.291631311178207,3.11748456954956
"409","2017","Vietnam","94",5.07399988174438,0.788547575473785,0.652168989181519,1.27749133110046,0.571055591106415,0.0876332372426987,0.234968051314354,1.46231865882874
"410","2017","Nigeria","95",5.07399988174438,0.783756256103516,0.0569157302379608,1.21577048301697,0.394952565431595,0.0261215660721064,0.230947196483612,2.36539053916931
"411","2017","Tajikistan","96",5.04099988937378,0.524713635444641,0.529235124588013,1.27146327495575,0.471566706895828,0.146377146244049,0.248997643589973,1.84904932975769
"412","2017","Bhutan","97",5.01100015640259,0.885416388511658,0.495879292488098,1.34012651443481,0.501537680625916,0.173380389809608,0.474054545164108,1.14018440246582
"413","2017","Kyrgyzstan","98",5.00400018692017,0.596220076084137,0.553457796573639,1.39423859119415,0.454943388700485,0.0394391790032387,0.42858037352562,1.53672313690186
"414","2017","Nepal","99",4.96199989318848,0.479820191860199,0.504130780696869,1.17928326129913,0.440305948257446,0.0729755461215973,0.394096165895462,1.8912410736084
"415","2017","Mongolia","100",4.95499992370605,1.02723586559296,0.557783484458923,1.4930112361908,0.394143968820572,0.0329022891819477,0.338464230298996,1.11129236221313
"416","2017","South Africa","101",4.8289999961853,1.05469870567322,0.187080070376396,1.38478863239288,0.479246735572815,0.0725094974040985,0.139362379908562,1.51090860366821
"417","2017","Tunisia","102",4.80499982833862,1.00726580619812,0.613212049007416,0.868351459503174,0.289680689573288,0.0867231488227844,0.0496933571994305,1.89025115966797
"418","2017","Palestinian Territories","103",4.77500009536743,0.716249227523804,0.565666973590851,1.15564715862274,0.25471106171608,0.0892826020717621,0.114173173904419,1.8788902759552
"419","2017","Egypt","104",4.7350001335144,0.989701807498932,0.520187258720398,0.997471392154694,0.282110154628754,0.114381365478039,0.128631442785263,1.70216107368469
"420","2017","Bulgaria","105",4.71400022506714,1.1614590883255,0.708217680454254,1.43437945842743,0.289231717586517,0.0110515309497714,0.113177694380283,0.996139287948608
"421","2017","Sierra Leone","106",4.70900011062622,0.36842092871666,0.00556475389748812,0.984136044979095,0.318697690963745,0.0710951760411263,0.293040901422501,2.66845989227295
"422","2017","Cameroon","107",4.69500017166138,0.564305365085602,0.132892116904259,0.946018218994141,0.430388748645782,0.0513066314160824,0.236298456788063,2.3336455821991
"423","2017","Iran","108",4.69199991226196,1.15687310695648,0.639333188533783,0.711551249027252,0.249322608113289,0.048761073499918,0.387242913246155,1.49873495101929
"424","2017","Albania","109",4.64400005340576,0.996192753314972,0.731159746646881,0.803685247898102,0.381498634815216,0.0398642159998417,0.201312944293022,1.49044156074524
"425","2017","Bangladesh","110",4.60799980163574,0.586682975292206,0.533241033554077,0.735131740570068,0.478356659412384,0.123717859387398,0.172255352139473,1.97873616218567
"426","2017","Namibia","111",4.57399988174438,0.964434325695038,0.33861181139946,1.0984708070755,0.520303547382355,0.0931469723582268,0.0771337449550629,1.4818902015686
"427","2017","Kenya","112",4.55299997329712,0.560479462146759,0.309988349676132,1.06795072555542,0.452763766050339,0.0646413192152977,0.444860309362411,1.6519021987915
"428","2017","Mozambique","113",4.55000019073486,0.234305649995804,0.106654435396194,0.870701014995575,0.480791091918945,0.179436385631561,0.322228103876114,2.35565090179443
"429","2017","Myanmar","114",4.54500007629395,0.367110550403595,0.397522568702698,1.12323594093323,0.514492034912109,0.188816204667091,0.838075160980225,1.11529040336609
"430","2017","Senegal","115",4.53499984741211,0.479309022426605,0.409362852573395,1.17969191074371,0.377922266721725,0.115460447967052,0.183468893170357,1.78964614868164
"431","2017","Zambia","116",4.51399993896484,0.636406779289246,0.257835894823074,1.00318729877472,0.461603492498398,0.0782135501503944,0.249580144882202,1.82670545578003
"432","2017","Iraq","117",4.49700021743774,1.10271048545837,0.501180469989777,0.978613197803497,0.288555532693863,0.107215754687786,0.19963726401329,1.31890726089478
"433","2017","Gabon","118",4.46500015258789,1.1982102394104,0.356578588485718,1.1556202173233,0.312328577041626,0.0760467872023582,0.0437853783369064,1.32291626930237
"434","2017","Ethiopia","119",4.46000003814697,0.339233845472336,0.353409707546234,0.86466920375824,0.408842742443085,0.165455713868141,0.312650740146637,2.01574373245239
"435","2017","Sri Lanka","120",4.44000005722046,1.00985014438629,0.625130832195282,1.25997638702393,0.561213254928589,0.0736539661884308,0.490863561630249,0.419389247894287
"436","2017","Armenia","121",4.37599992752075,0.900596737861633,0.637524425983429,1.00748372077942,0.198303267359734,0.0266744215041399,0.0834880918264389,1.5214991569519
"437","2017","India","122",4.31500005722046,0.792221248149872,0.455427616834641,0.754372596740723,0.469987004995346,0.0922268852591515,0.231538489460945,1.5191171169281
"438","2017","Mauritania","123",4.29199981689453,0.648457288742065,0.285349279642105,1.2720308303833,0.0960980430245399,0.136957004666328,0.201870024204254,1.65163731575012
"439","2017","Congo (Brazzaville)","124",4.29099988937378,0.808964252471924,0.28995743393898,0.832044363021851,0.435025870800018,0.0796181336045265,0.120852127671242,1.72413563728333
"440","2017","Georgia","125",4.28599977493286,0.950612664222717,0.649546980857849,0.57061493396759,0.309410035610199,0.251666635274887,0.0540088154375553,1.50013780593872
"441","2017","Congo (Kinshasa)","126",4.28000020980835,0.0921023488044739,0.191407024860382,1.22902345657349,0.235961347818375,0.0602413564920425,0.246455833315849,2.22495865821838
"442","2017","Mali","127",4.19000005722046,0.476180493831635,0.169365674257278,1.28147339820862,0.306613743305206,0.104970246553421,0.183354198932648,1.66819095611572
"443","2017","Ivory Coast","128",4.17999982833862,0.603048920631409,0.0486421696841717,0.904780030250549,0.447706192731857,0.130061775445938,0.201237469911575,1.84496426582336
"444","2017","Cambodia","129",4.16800022125244,0.601765096187592,0.429783403873444,1.00623834133148,0.633375823497772,0.0681059509515762,0.385922968387604,1.04294109344482
"445","2017","Sudan","130",4.13899993896484,0.65951669216156,0.290920823812485,1.21400856971741,0.0149958552792668,0.089847519993782,0.182317450642586,1.68706583976746
"446","2017","Ghana","131",4.11999988555908,0.667224824428558,0.295637726783752,0.873664736747742,0.423026293516159,0.0253363698720932,0.256923943758011,1.57786750793457
"447","2017","Ukraine","132",4.09600019454956,0.89465194940567,0.575903952121735,1.39453756809235,0.122974775731564,0.0230294708162546,0.270061463117599,0.814382314682007
"448","2017","Uganda","133",4.08099985122681,0.381430715322495,0.217632606625557,1.12982773780823,0.443185955286026,0.057069718837738,0.325766056776047,1.526362657547
"449","2017","Burkina Faso","134",4.03200006484985,0.3502277135849,0.215844258666039,1.04328000545502,0.324367851018906,0.120328105986118,0.250864684581757,1.72721290588379
"450","2017","Niger","135",4.02799987792969,0.161925330758095,0.26850500702858,0.993025004863739,0.36365869641304,0.138572946190834,0.228673845529556,1.87398338317871
"451","2017","Malawi","136",3.97000002861023,0.233442038297653,0.315089583396912,0.512568831443787,0.466914653778076,0.0727116540074348,0.287170469760895,2.08178615570068
"452","2017","Chad","137",3.93600010871887,0.438012987375259,0.0411347150802612,0.953855872154236,0.16234202682972,0.0535818822681904,0.216113850474358,2.07123804092407
"453","2017","Zimbabwe","138",3.875,0.375846534967422,0.196763753890991,1.08309590816498,0.336384207010269,0.0953753814101219,0.189143493771553,1.59797024726868
"454","2017","Lesotho","139",3.80800008773804,0.521021246910095,0,1.19009518623352,0.390661299228668,0.119094640016556,0.157497271895409,1.42983531951904
"455","2017","Angola","140",3.79500007629395,0.858428180217743,0.0498686656355858,1.10441195964813,0,0.0697203353047371,0.097926490008831,1.61448240280151
"456","2017","Afghanistan","141",3.79399991035461,0.401477217674255,0.180746778845787,0.581543326377869,0.106179520487785,0.0611578300595284,0.311870932579041,2.15080118179321
"457","2017","Botswana","142",3.76600003242493,1.12209415435791,0.341755509376526,1.22155499458313,0.505196332931519,0.0985831990838051,0.0993484482169151,0.3779137134552
"458","2017","Benin","143",3.65700006484985,0.431085407733917,0.209930211305618,0.435299843549728,0.425962775945663,0.0609290152788162,0.207948461174965,1.88563096523285
"459","2017","Madagascar","144",3.64400005340576,0.305808693170547,0.375223308801651,0.913020372390747,0.189196765422821,0.0672319754958153,0.208732530474663,1.58461260795593
"460","2017","Haiti","145",3.6029999256134,0.368610262870789,0.277321130037308,0.640449821949005,0.0303698573261499,0.0998721495270729,0.489203780889511,1.69716763496399
"461","2017","Yemen","146",3.59299993515015,0.591683447360992,0.310080915689468,0.93538224697113,0.249463722109795,0.0567674227058887,0.104125209152699,1.34560060501099
"462","2017","South Sudan","147",3.59100008010864,0.39724862575531,0.163486003875732,0.601323127746582,0.147062435746193,0.116793513298035,0.285670816898346,1.87956738471985
"463","2017","Liberia","148",3.53299999237061,0.119041793048382,0.229918196797371,0.872117936611176,0.332881182432175,0.0389482490718365,0.26654988527298,1.67328596115112
"464","2017","Guinea","149",3.50699996948242,0.244549930095673,0.194129139184952,0.791244685649872,0.348587512969971,0.110937617719173,0.264815092086792,1.55231189727783
"465","2017","Togo","150",3.49499988555908,0.305444717407227,0.247105568647385,0.431882530450821,0.38042613863945,0.0956650152802467,0.196896150708199,1.83722925186157
"466","2017","Rwanda","151",3.47099995613098,0.368745893239975,0.326424807310104,0.945707023143768,0.581843852996826,0.455220013856888,0.252756029367447,0.540061235427856
"467","2017","Syria","152",3.46199989318848,0.777153134346008,0.50053334236145,0.396102607250214,0.0815394446253777,0.151347130537033,0.493663728237152,1.06157350540161
"468","2017","Tanzania","153",3.34899997711182,0.511135876178741,0.364509284496307,1.04198980331421,0.390017777681351,0.0660351067781448,0.354256361722946,0.621130466461182
"469","2017","Burundi","154",2.90499997138977,0.091622568666935,0.151610791683197,0.629793584346771,0.0599007532000542,0.0841479450464249,0.204435184597969,1.68302416801453
"470","2017","Central African Republic","155",2.69300007820129,0,0.0187726859003305,1.36058,0.270842045545578,0.0565650761127472,0.280876487493515,2.06600475311279
